trial,testing,parameters,initial_deadline,final_deadline,net_reward,actions,success
1,False,"{'a': 0.9, 'e': 1.0}",20,0,-73.73333881126976,"{0: 13, 1: 2, 2: 4, 3: 0, 4: 1}",0
2,False,"{'a': 0.9, 'e': 0.5}",30,7,-143.30187745562216,"{0: 15, 1: 1, 2: 4, 3: 0, 4: 3}",1
3,False,"{'a': 0.9, 'e': 0.3333333333333333}",20,13,2.736043046474732,"{0: 6, 1: 1, 2: 0, 3: 0, 4: 0}",1
4,False,"{'a': 0.9, 'e': 0.25}",30,0,-15.004330794905732,"{0: 27, 1: 1, 2: 1, 3: 0, 4: 1}",0
5,False,"{'a': 0.9, 'e': 0.2}",20,16,8.933554886620849,"{0: 4, 1: 0, 2: 0, 3: 0, 4: 0}",1
6,False,"{'a': 0.9, 'e': 0.16666666666666666}",25,5,-33.004793924718,"{0: 18, 1: 0, 2: 0, 3: 1, 4: 1}",1
7,False,"{'a': 0.9, 'e': 0.14285714285714285}",20,0,-50.15794067115805,"{0: 17, 1: 0, 2: 1, 3: 1, 4: 1}",0
8,False,"{'a': 0.9, 'e': 0.125}",20,1,-26.96610733438323,"{0: 17, 1: 0, 2: 1, 3: 0, 4: 1}",1
9,False,"{'a': 0.9, 'e': 0.1111111111111111}",20,0,-5.532648986031435,"{0: 18, 1: 0, 2: 1, 3: 1, 4: 0}",0
10,False,"{'a': 0.9, 'e': 0.1}",25,0,-50.09972719160444,"{0: 23, 1: 0, 2: 0, 3: 0, 4: 2}",0
11,False,"{'a': 0.9, 'e': 0.09090909090909091}",20,0,25.45828618580844,"{0: 20, 1: 0, 2: 0, 3: 0, 4: 0}",0
12,False,"{'a': 0.9, 'e': 0.08333333333333333}",25,11,-15.02736128813407,"{0: 11, 1: 1, 2: 1, 3: 1, 4: 0}",1
13,False,"{'a': 0.9, 'e': 0.07692307692307693}",20,9,18.74333460011388,"{0: 11, 1: 0, 2: 0, 3: 0, 4: 0}",1
14,False,"{'a': 0.9, 'e': 0.07142857142857142}",25,20,7.966181143595599,"{0: 5, 1: 0, 2: 0, 3: 0, 4: 0}",1
15,False,"{'a': 0.9, 'e': 0.06666666666666667}",20,5,23.868961141276362,"{0: 15, 1: 0, 2: 0, 3: 0, 4: 0}",1
16,False,"{'a': 0.9, 'e': 0.0625}",25,1,33.99452266326312,"{0: 24, 1: 0, 2: 0, 3: 0, 4: 0}",1
17,False,"{'a': 0.9, 'e': 0.058823529411764705}",20,0,26.259430351366404,"{0: 20, 1: 0, 2: 0, 3: 0, 4: 0}",0
18,False,"{'a': 0.9, 'e': 0.05555555555555555}",25,4,8.793642599659613,"{0: 20, 1: 0, 2: 0, 3: 1, 4: 0}",1
19,False,"{'a': 0.9, 'e': 0.05263157894736842}",25,0,24.846698736525692,"{0: 24, 1: 0, 2: 1, 3: 0, 4: 0}",0
20,False,"{'a': 0.9, 'e': 0.05}",20,0,-17.483806939791734,"{0: 17, 1: 0, 2: 2, 3: 1, 4: 0}",0
21,False,"{'a': 0.9, 'e': 0.047619047619047616}",20,0,31.26027385142905,"{0: 20, 1: 0, 2: 0, 3: 0, 4: 0}",0
22,False,"{'a': 0.9, 'e': 0.045454545454545456}",25,2,39.48331944811036,"{0: 23, 1: 0, 2: 0, 3: 0, 4: 0}",1
23,False,"{'a': 0.9, 'e': 0.043478260869565216}",20,0,27.11917503007006,"{0: 19, 1: 1, 2: 0, 3: 0, 4: 0}",0
24,False,"{'a': 0.9, 'e': 0.041666666666666664}",20,1,25.884491405840116,"{0: 19, 1: 0, 2: 0, 3: 0, 4: 0}",1
25,False,"{'a': 0.9, 'e': 0.04}",20,0,-47.31094314216332,"{0: 18, 1: 0, 2: 0, 3: 0, 4: 2}",0
26,False,"{'a': 0.9, 'e': 0.038461538461538464}",25,6,38.117917725750274,"{0: 19, 1: 0, 2: 0, 3: 0, 4: 0}",1
27,False,"{'a': 0.9, 'e': 0.037037037037037035}",20,11,18.023989288593707,"{0: 9, 1: 0, 2: 0, 3: 0, 4: 0}",1
28,False,"{'a': 0.9, 'e': 0.03571428571428571}",20,2,29.66245336309754,"{0: 18, 1: 0, 2: 0, 3: 0, 4: 0}",1
29,False,"{'a': 0.9, 'e': 0.034482758620689655}",30,7,34.05383628491792,"{0: 23, 1: 0, 2: 0, 3: 0, 4: 0}",1
30,False,"{'a': 0.9, 'e': 0.03333333333333333}",25,7,29.288941072197527,"{0: 18, 1: 0, 2: 0, 3: 0, 4: 0}",1
31,False,"{'a': 0.9, 'e': 0.03225806451612903}",20,6,25.19457155017941,"{0: 14, 1: 0, 2: 0, 3: 0, 4: 0}",1
32,False,"{'a': 0.9, 'e': 0.03125}",20,0,30.57710637540139,"{0: 20, 1: 0, 2: 0, 3: 0, 4: 0}",0
33,False,"{'a': 0.9, 'e': 0.030303030303030304}",20,8,22.49682321316884,"{0: 12, 1: 0, 2: 0, 3: 0, 4: 0}",1
34,False,"{'a': 0.9, 'e': 0.029411764705882353}",25,0,37.776784656981604,"{0: 25, 1: 0, 2: 0, 3: 0, 4: 0}",0
35,False,"{'a': 0.9, 'e': 0.02857142857142857}",30,19,17.871295807436034,"{0: 11, 1: 0, 2: 0, 3: 0, 4: 0}",1
36,False,"{'a': 0.9, 'e': 0.027777777777777776}",25,3,28.331284178334666,"{0: 22, 1: 0, 2: 0, 3: 0, 4: 0}",1
37,False,"{'a': 0.9, 'e': 0.02702702702702703}",25,7,31.751562236639405,"{0: 18, 1: 0, 2: 0, 3: 0, 4: 0}",1
38,False,"{'a': 0.9, 'e': 0.02631578947368421}",20,14,12.094092795271711,"{0: 6, 1: 0, 2: 0, 3: 0, 4: 0}",1
39,False,"{'a': 0.9, 'e': 0.02564102564102564}",20,16,9.110774934580814,"{0: 4, 1: 0, 2: 0, 3: 0, 4: 0}",1
40,False,"{'a': 0.9, 'e': 0.025}",20,9,14.250349103306885,"{0: 11, 1: 0, 2: 0, 3: 0, 4: 0}",1
41,False,"{'a': 0.9, 'e': 0.024390243902439025}",20,7,20.92418398928879,"{0: 13, 1: 0, 2: 0, 3: 0, 4: 0}",1
42,False,"{'a': 0.9, 'e': 0.023809523809523808}",20,0,35.013176627250544,"{0: 20, 1: 0, 2: 0, 3: 0, 4: 0}",1
43,False,"{'a': 0.9, 'e': 0.023255813953488372}",35,14,35.00089411379873,"{0: 21, 1: 0, 2: 0, 3: 0, 4: 0}",1
44,False,"{'a': 0.9, 'e': 0.022727272727272728}",20,7,23.991921728932173,"{0: 13, 1: 0, 2: 0, 3: 0, 4: 0}",1
45,False,"{'a': 0.9, 'e': 0.022222222222222223}",25,16,19.506266869612777,"{0: 9, 1: 0, 2: 0, 3: 0, 4: 0}",1
46,False,"{'a': 0.9, 'e': 0.021739130434782608}",20,10,-16.019275662693644,"{0: 8, 1: 0, 2: 1, 3: 1, 4: 0}",1
47,False,"{'a': 0.9, 'e': 0.02127659574468085}",25,3,36.637233922759954,"{0: 22, 1: 0, 2: 0, 3: 0, 4: 0}",1
48,False,"{'a': 0.9, 'e': 0.020833333333333332}",30,0,48.56432553340826,"{0: 30, 1: 0, 2: 0, 3: 0, 4: 0}",0
49,False,"{'a': 0.9, 'e': 0.02040816326530612}",30,0,18.13099435217364,"{0: 28, 1: 0, 2: 1, 3: 1, 4: 0}",0
50,False,"{'a': 0.9, 'e': 0.02}",25,10,21.747111504637925,"{0: 15, 1: 0, 2: 0, 3: 0, 4: 0}",1
51,False,"{'a': 0.9, 'e': 0.0196078431372549}",30,15,28.809226853259737,"{0: 15, 1: 0, 2: 0, 3: 0, 4: 0}",1
52,False,"{'a': 0.9, 'e': 0.019230769230769232}",25,8,33.156525427457794,"{0: 17, 1: 0, 2: 0, 3: 0, 4: 0}",1
53,False,"{'a': 0.9, 'e': 0.018867924528301886}",25,0,19.316945230843746,"{0: 24, 1: 0, 2: 0, 3: 1, 4: 0}",0
54,False,"{'a': 0.9, 'e': 0.018518518518518517}",20,0,29.863313858006762,"{0: 20, 1: 0, 2: 0, 3: 0, 4: 0}",0
55,False,"{'a': 0.9, 'e': 0.01818181818181818}",20,0,31.11605167953828,"{0: 20, 1: 0, 2: 0, 3: 0, 4: 0}",0
56,False,"{'a': 0.9, 'e': 0.017857142857142856}",25,9,32.870576194769676,"{0: 16, 1: 0, 2: 0, 3: 0, 4: 0}",1
57,False,"{'a': 0.9, 'e': 0.017543859649122806}",20,0,-13.17815366504224,"{0: 19, 1: 0, 2: 0, 3: 0, 4: 1}",0
58,False,"{'a': 0.9, 'e': 0.017241379310344827}",25,10,32.01531326247233,"{0: 15, 1: 0, 2: 0, 3: 0, 4: 0}",1
59,False,"{'a': 0.9, 'e': 0.01694915254237288}",20,3,26.13712542793294,"{0: 17, 1: 0, 2: 0, 3: 0, 4: 0}",1
60,False,"{'a': 0.9, 'e': 0.016666666666666666}",25,7,30.558663434385856,"{0: 18, 1: 0, 2: 0, 3: 0, 4: 0}",1
61,False,"{'a': 0.9, 'e': 0.01639344262295082}",25,17,-23.807612138623067,"{0: 7, 1: 0, 2: 0, 3: 0, 4: 1}",1
62,False,"{'a': 0.9, 'e': 0.016129032258064516}",25,0,40.72991794448008,"{0: 25, 1: 0, 2: 0, 3: 0, 4: 0}",0
63,False,"{'a': 0.9, 'e': 0.015873015873015872}",20,3,15.347909628348699,"{0: 16, 1: 0, 2: 1, 3: 0, 4: 0}",1
64,False,"{'a': 0.9, 'e': 0.015625}",25,20,8.043454458188018,"{0: 5, 1: 0, 2: 0, 3: 0, 4: 0}",1
65,False,"{'a': 0.9, 'e': 0.015384615384615385}",25,0,37.9064676559776,"{0: 25, 1: 0, 2: 0, 3: 0, 4: 0}",0
66,False,"{'a': 0.9, 'e': 0.015151515151515152}",25,10,27.112986519612917,"{0: 15, 1: 0, 2: 0, 3: 0, 4: 0}",1
67,False,"{'a': 0.9, 'e': 0.014925373134328358}",25,9,29.58469214340561,"{0: 16, 1: 0, 2: 0, 3: 0, 4: 0}",1
68,False,"{'a': 0.9, 'e': 0.014705882352941176}",30,15,27.941491592517956,"{0: 15, 1: 0, 2: 0, 3: 0, 4: 0}",1
69,False,"{'a': 0.9, 'e': 0.014492753623188406}",20,14,10.776464566978692,"{0: 6, 1: 0, 2: 0, 3: 0, 4: 0}",1
70,False,"{'a': 0.9, 'e': 0.014285714285714285}",25,0,43.029819941294136,"{0: 25, 1: 0, 2: 0, 3: 0, 4: 0}",0
71,False,"{'a': 0.9, 'e': 0.014084507042253521}",20,5,24.524597100066405,"{0: 15, 1: 0, 2: 0, 3: 0, 4: 0}",1
72,False,"{'a': 0.9, 'e': 0.013888888888888888}",20,7,24.02024662033209,"{0: 13, 1: 0, 2: 0, 3: 0, 4: 0}",1
73,False,"{'a': 0.9, 'e': 0.0136986301369863}",20,0,32.95184295537445,"{0: 20, 1: 0, 2: 0, 3: 0, 4: 0}",1
74,False,"{'a': 0.9, 'e': 0.013513513513513514}",20,0,30.46987812939868,"{0: 20, 1: 0, 2: 0, 3: 0, 4: 0}",0
75,False,"{'a': 0.9, 'e': 0.013333333333333334}",35,19,26.176925902888286,"{0: 16, 1: 0, 2: 0, 3: 0, 4: 0}",1
76,False,"{'a': 0.9, 'e': 0.013157894736842105}",25,5,35.133091740044584,"{0: 20, 1: 0, 2: 0, 3: 0, 4: 0}",1
77,False,"{'a': 0.9, 'e': 0.012987012987012988}",20,12,18.293097006057668,"{0: 8, 1: 0, 2: 0, 3: 0, 4: 0}",1
78,False,"{'a': 0.9, 'e': 0.01282051282051282}",20,16,6.876759042287794,"{0: 4, 1: 0, 2: 0, 3: 0, 4: 0}",1
79,False,"{'a': 0.9, 'e': 0.012658227848101266}",20,10,-2.068641072376674,"{0: 9, 1: 0, 2: 0, 3: 1, 4: 0}",1
80,False,"{'a': 0.9, 'e': 0.0125}",20,6,26.57333728367454,"{0: 14, 1: 0, 2: 0, 3: 0, 4: 0}",1
81,False,"{'a': 0.9, 'e': 0.012345679012345678}",20,12,14.663541374958267,"{0: 8, 1: 0, 2: 0, 3: 0, 4: 0}",1
82,False,"{'a': 0.9, 'e': 0.012195121951219513}",20,8,22.533611598331575,"{0: 12, 1: 0, 2: 0, 3: 0, 4: 0}",1
83,False,"{'a': 0.9, 'e': 0.012048192771084338}",20,9,19.567773988830492,"{0: 11, 1: 0, 2: 0, 3: 0, 4: 0}",1
84,False,"{'a': 0.9, 'e': 0.011904761904761904}",25,16,17.26850184104665,"{0: 9, 1: 0, 2: 0, 3: 0, 4: 0}",1
85,False,"{'a': 0.9, 'e': 0.011764705882352941}",20,7,21.541283128888544,"{0: 13, 1: 0, 2: 0, 3: 0, 4: 0}",1
86,False,"{'a': 0.9, 'e': 0.011627906976744186}",25,13,20.74461833903908,"{0: 12, 1: 0, 2: 0, 3: 0, 4: 0}",1
87,False,"{'a': 0.9, 'e': 0.011494252873563218}",20,0,20.732143739371306,"{0: 19, 1: 0, 2: 1, 3: 0, 4: 0}",0
88,False,"{'a': 0.9, 'e': 0.011363636363636364}",20,12,16.49949532444697,"{0: 8, 1: 0, 2: 0, 3: 0, 4: 0}",1
89,False,"{'a': 0.9, 'e': 0.011235955056179775}",20,9,17.179087391103284,"{0: 11, 1: 0, 2: 0, 3: 0, 4: 0}",1
90,False,"{'a': 0.9, 'e': 0.011111111111111112}",20,12,13.963723742661724,"{0: 8, 1: 0, 2: 0, 3: 0, 4: 0}",1
91,False,"{'a': 0.9, 'e': 0.01098901098901099}",20,12,15.309029828496573,"{0: 8, 1: 0, 2: 0, 3: 0, 4: 0}",1
92,False,"{'a': 0.9, 'e': 0.010869565217391304}",20,10,18.294653198431142,"{0: 10, 1: 0, 2: 0, 3: 0, 4: 0}",1
93,False,"{'a': 0.9, 'e': 0.010752688172043012}",20,6,24.30327650697001,"{0: 14, 1: 0, 2: 0, 3: 0, 4: 0}",1
94,False,"{'a': 0.9, 'e': 0.010638297872340425}",25,11,28.422089740216695,"{0: 14, 1: 0, 2: 0, 3: 0, 4: 0}",1
95,False,"{'a': 0.9, 'e': 0.010526315789473684}",25,11,29.852268130528426,"{0: 14, 1: 0, 2: 0, 3: 0, 4: 0}",1
96,False,"{'a': 0.9, 'e': 0.010416666666666666}",30,18,21.423679361915003,"{0: 12, 1: 0, 2: 0, 3: 0, 4: 0}",1
97,False,"{'a': 0.9, 'e': 0.010309278350515464}",25,3,35.17830235281765,"{0: 22, 1: 0, 2: 0, 3: 0, 4: 0}",1
98,False,"{'a': 0.9, 'e': 0.01020408163265306}",20,0,31.86263361757311,"{0: 20, 1: 0, 2: 0, 3: 0, 4: 0}",1
99,False,"{'a': 0.9, 'e': 0.010101010101010102}",35,20,30.372180005159,"{0: 15, 1: 0, 2: 0, 3: 0, 4: 0}",1
100,False,"{'a': 0.9, 'e': 0.01}",25,15,21.135146475278383,"{0: 10, 1: 0, 2: 0, 3: 0, 4: 0}",1
101,False,"{'a': 0.9, 'e': 0.009900990099009901}",25,20,10.868889411874267,"{0: 5, 1: 0, 2: 0, 3: 0, 4: 0}",1
102,False,"{'a': 0.9, 'e': 0.00980392156862745}",25,17,16.263626569030503,"{0: 8, 1: 0, 2: 0, 3: 0, 4: 0}",1
103,False,"{'a': 0.9, 'e': 0.009708737864077669}",20,8,22.606745521391353,"{0: 12, 1: 0, 2: 0, 3: 0, 4: 0}",1
104,False,"{'a': 0.9, 'e': 0.009615384615384616}",25,11,26.254098252929925,"{0: 14, 1: 0, 2: 0, 3: 0, 4: 0}",1
105,False,"{'a': 0.9, 'e': 0.009523809523809525}",20,7,22.8146009941389,"{0: 13, 1: 0, 2: 0, 3: 0, 4: 0}",1
106,False,"{'a': 0.9, 'e': 0.009433962264150943}",20,0,34.41647995345431,"{0: 20, 1: 0, 2: 0, 3: 0, 4: 0}",0
107,False,"{'a': 0.9, 'e': 0.009345794392523364}",20,11,19.104913063884723,"{0: 9, 1: 0, 2: 0, 3: 0, 4: 0}",1
108,False,"{'a': 0.9, 'e': 0.009259259259259259}",25,2,39.005175006732685,"{0: 23, 1: 0, 2: 0, 3: 0, 4: 0}",1
109,False,"{'a': 0.9, 'e': 0.009174311926605505}",20,16,9.424305075365512,"{0: 4, 1: 0, 2: 0, 3: 0, 4: 0}",1
110,False,"{'a': 0.9, 'e': 0.00909090909090909}",20,0,28.275212042673633,"{0: 20, 1: 0, 2: 0, 3: 0, 4: 0}",0
111,False,"{'a': 0.9, 'e': 0.009009009009009009}",20,8,24.222836265132525,"{0: 12, 1: 0, 2: 0, 3: 0, 4: 0}",1
112,False,"{'a': 0.9, 'e': 0.008928571428571428}",20,14,12.378443634021579,"{0: 6, 1: 0, 2: 0, 3: 0, 4: 0}",1
113,False,"{'a': 0.9, 'e': 0.008849557522123894}",30,12,37.31243248932894,"{0: 18, 1: 0, 2: 0, 3: 0, 4: 0}",1
114,False,"{'a': 0.9, 'e': 0.008771929824561403}",20,3,29.48926967687791,"{0: 17, 1: 0, 2: 0, 3: 0, 4: 0}",1
115,False,"{'a': 0.9, 'e': 0.008695652173913044}",30,16,24.979580986068978,"{0: 14, 1: 0, 2: 0, 3: 0, 4: 0}",1
116,False,"{'a': 0.9, 'e': 0.008620689655172414}",20,3,29.12863309357472,"{0: 17, 1: 0, 2: 0, 3: 0, 4: 0}",1
117,False,"{'a': 0.9, 'e': 0.008547008547008548}",20,6,26.670764509276676,"{0: 14, 1: 0, 2: 0, 3: 0, 4: 0}",1
118,False,"{'a': 0.9, 'e': 0.00847457627118644}",25,13,21.417542476720755,"{0: 12, 1: 0, 2: 0, 3: 0, 4: 0}",1
119,False,"{'a': 0.9, 'e': 0.008403361344537815}",20,11,18.272455640038185,"{0: 9, 1: 0, 2: 0, 3: 0, 4: 0}",1
120,False,"{'a': 0.9, 'e': 0.008333333333333333}",25,7,30.982761824223417,"{0: 18, 1: 0, 2: 0, 3: 0, 4: 0}",1
121,False,"{'a': 0.9, 'e': 0.008264462809917356}",25,20,10.033944504160909,"{0: 5, 1: 0, 2: 0, 3: 0, 4: 0}",1
122,False,"{'a': 0.9, 'e': 0.00819672131147541}",20,10,18.643656898240597,"{0: 10, 1: 0, 2: 0, 3: 0, 4: 0}",1
123,False,"{'a': 0.9, 'e': 0.008130081300813009}",30,18,25.507403491519096,"{0: 12, 1: 0, 2: 0, 3: 0, 4: 0}",1
124,False,"{'a': 0.9, 'e': 0.008064516129032258}",20,3,26.039999563690223,"{0: 17, 1: 0, 2: 0, 3: 0, 4: 0}",1
125,False,"{'a': 0.9, 'e': 0.008}",20,6,25.287019467597407,"{0: 14, 1: 0, 2: 0, 3: 0, 4: 0}",1
126,False,"{'a': 0.9, 'e': 0.007936507936507936}",20,2,30.613455521997597,"{0: 18, 1: 0, 2: 0, 3: 0, 4: 0}",1
127,False,"{'a': 0.9, 'e': 0.007874015748031496}",25,6,32.89751438375253,"{0: 19, 1: 0, 2: 0, 3: 0, 4: 0}",1
128,False,"{'a': 0.9, 'e': 0.0078125}",25,10,28.478492170496928,"{0: 15, 1: 0, 2: 0, 3: 0, 4: 0}",1
129,False,"{'a': 0.9, 'e': 0.007751937984496124}",25,12,28.196312473833217,"{0: 13, 1: 0, 2: 0, 3: 0, 4: 0}",1
130,False,"{'a': 0.9, 'e': 0.007692307692307693}",20,11,17.994462856190047,"{0: 9, 1: 0, 2: 0, 3: 0, 4: 0}",1
131,False,"{'a': 0.9, 'e': 0.007633587786259542}",25,10,26.42501265772067,"{0: 15, 1: 0, 2: 0, 3: 0, 4: 0}",1
132,False,"{'a': 0.9, 'e': 0.007575757575757576}",20,7,11.477848836910336,"{0: 12, 1: 0, 2: 1, 3: 0, 4: 0}",1
133,False,"{'a': 0.9, 'e': 0.007518796992481203}",30,8,40.771209709113045,"{0: 22, 1: 0, 2: 0, 3: 0, 4: 0}",1
134,False,"{'a': 0.9, 'e': 0.007462686567164179}",30,16,20.992974168595012,"{0: 14, 1: 0, 2: 0, 3: 0, 4: 0}",1
135,False,"{'a': 0.9, 'e': 0.007407407407407408}",30,18,21.201311521063467,"{0: 12, 1: 0, 2: 0, 3: 0, 4: 0}",1
136,False,"{'a': 0.9, 'e': 0.007352941176470588}",20,0,31.176105886091896,"{0: 20, 1: 0, 2: 0, 3: 0, 4: 0}",0
137,False,"{'a': 0.9, 'e': 0.0072992700729927005}",25,20,10.659179215360162,"{0: 5, 1: 0, 2: 0, 3: 0, 4: 0}",1
138,False,"{'a': 0.9, 'e': 0.007246376811594203}",20,0,9.76743514943142,"{0: 19, 1: 0, 2: 0, 3: 1, 4: 0}",0
139,False,"{'a': 0.9, 'e': 0.007194244604316547}",20,7,25.669760249261337,"{0: 13, 1: 0, 2: 0, 3: 0, 4: 0}",1
140,False,"{'a': 0.9, 'e': 0.007142857142857143}",25,10,28.433672582681304,"{0: 15, 1: 0, 2: 0, 3: 0, 4: 0}",1
141,False,"{'a': 0.9, 'e': 0.0070921985815602835}",30,19,20.155955472048014,"{0: 11, 1: 0, 2: 0, 3: 0, 4: 0}",1
142,False,"{'a': 0.9, 'e': 0.007042253521126761}",25,14,19.558635244009093,"{0: 11, 1: 0, 2: 0, 3: 0, 4: 0}",1
143,False,"{'a': 0.9, 'e': 0.006993006993006993}",25,0,40.40321992351928,"{0: 24, 1: 1, 2: 0, 3: 0, 4: 0}",0
144,False,"{'a': 0.9, 'e': 0.006944444444444444}",20,1,35.772274817132754,"{0: 19, 1: 0, 2: 0, 3: 0, 4: 0}",1
145,False,"{'a': 0.9, 'e': 0.006896551724137931}",20,5,29.586934826414105,"{0: 15, 1: 0, 2: 0, 3: 0, 4: 0}",1
146,False,"{'a': 0.9, 'e': 0.00684931506849315}",25,16,17.40946359586553,"{0: 9, 1: 0, 2: 0, 3: 0, 4: 0}",1
147,False,"{'a': 0.9, 'e': 0.006802721088435374}",25,13,21.3862546570946,"{0: 12, 1: 0, 2: 0, 3: 0, 4: 0}",1
148,False,"{'a': 0.9, 'e': 0.006756756756756757}",25,18,11.451208508196078,"{0: 7, 1: 0, 2: 0, 3: 0, 4: 0}",1
149,False,"{'a': 0.9, 'e': 0.006711409395973154}",25,20,9.778066373876916,"{0: 5, 1: 0, 2: 0, 3: 0, 4: 0}",1
150,False,"{'a': 0.9, 'e': 0.006666666666666667}",20,13,12.2917772286054,"{0: 7, 1: 0, 2: 0, 3: 0, 4: 0}",1
151,False,"{'a': 0.9, 'e': 0.006622516556291391}",25,17,15.333108985206934,"{0: 8, 1: 0, 2: 0, 3: 0, 4: 0}",1
152,False,"{'a': 0.9, 'e': 0.006578947368421052}",25,13,23.13530465099582,"{0: 12, 1: 0, 2: 0, 3: 0, 4: 0}",1
153,False,"{'a': 0.9, 'e': 0.006535947712418301}",20,8,21.54543965057436,"{0: 12, 1: 0, 2: 0, 3: 0, 4: 0}",1
154,False,"{'a': 0.9, 'e': 0.006493506493506494}",20,8,21.796193485380137,"{0: 12, 1: 0, 2: 0, 3: 0, 4: 0}",1
155,False,"{'a': 0.9, 'e': 0.0064516129032258064}",20,10,22.84761973526866,"{0: 10, 1: 0, 2: 0, 3: 0, 4: 0}",1
156,False,"{'a': 0.9, 'e': 0.00641025641025641}",30,14,31.48173785138024,"{0: 16, 1: 0, 2: 0, 3: 0, 4: 0}",1
157,False,"{'a': 0.9, 'e': 0.006369426751592357}",20,2,29.361258853796087,"{0: 18, 1: 0, 2: 0, 3: 0, 4: 0}",1
158,False,"{'a': 0.9, 'e': 0.006329113924050633}",25,3,37.93196141079271,"{0: 22, 1: 0, 2: 0, 3: 0, 4: 0}",1
159,False,"{'a': 0.9, 'e': 0.006289308176100629}",20,12,13.466306037032558,"{0: 8, 1: 0, 2: 0, 3: 0, 4: 0}",1
160,False,"{'a': 0.9, 'e': 0.00625}",30,8,42.05459755967729,"{0: 22, 1: 0, 2: 0, 3: 0, 4: 0}",1
161,False,"{'a': 0.9, 'e': 0.006211180124223602}",25,4,40.6006418747312,"{0: 21, 1: 0, 2: 0, 3: 0, 4: 0}",1
162,False,"{'a': 0.9, 'e': 0.006172839506172839}",20,6,24.77898033140018,"{0: 14, 1: 0, 2: 0, 3: 0, 4: 0}",1
163,False,"{'a': 0.9, 'e': 0.006134969325153374}",25,10,30.281407052624594,"{0: 15, 1: 0, 2: 0, 3: 0, 4: 0}",1
164,False,"{'a': 0.9, 'e': 0.006097560975609756}",20,8,21.21053511857343,"{0: 12, 1: 0, 2: 0, 3: 0, 4: 0}",1
165,False,"{'a': 0.9, 'e': 0.006060606060606061}",20,8,22.26573697057013,"{0: 12, 1: 0, 2: 0, 3: 0, 4: 0}",1
166,False,"{'a': 0.9, 'e': 0.006024096385542169}",30,18,24.758355852037056,"{0: 12, 1: 0, 2: 0, 3: 0, 4: 0}",1
167,False,"{'a': 0.9, 'e': 0.005988023952095809}",20,12,12.629804364828253,"{0: 8, 1: 0, 2: 0, 3: 0, 4: 0}",1
168,False,"{'a': 0.9, 'e': 0.005952380952380952}",25,10,33.320174067074,"{0: 15, 1: 0, 2: 0, 3: 0, 4: 0}",1
169,False,"{'a': 0.9, 'e': 0.005917159763313609}",20,12,15.803178794078615,"{0: 8, 1: 0, 2: 0, 3: 0, 4: 0}",1
170,False,"{'a': 0.9, 'e': 0.0058823529411764705}",20,3,30.33414946550586,"{0: 17, 1: 0, 2: 0, 3: 0, 4: 0}",1
171,False,"{'a': 0.9, 'e': 0.005847953216374269}",20,6,23.286424277827383,"{0: 14, 1: 0, 2: 0, 3: 0, 4: 0}",1
172,False,"{'a': 0.9, 'e': 0.005813953488372093}",20,11,19.152691412371247,"{0: 9, 1: 0, 2: 0, 3: 0, 4: 0}",1
173,False,"{'a': 0.9, 'e': 0.005780346820809248}",20,3,30.46723015669478,"{0: 17, 1: 0, 2: 0, 3: 0, 4: 0}",1
174,False,"{'a': 0.9, 'e': 0.005747126436781609}",20,9,19.323647933022354,"{0: 11, 1: 0, 2: 0, 3: 0, 4: 0}",1
175,False,"{'a': 0.9, 'e': 0.005714285714285714}",25,14,20.886164722813657,"{0: 11, 1: 0, 2: 0, 3: 0, 4: 0}",1
176,False,"{'a': 0.9, 'e': 0.005681818181818182}",25,7,33.56780859048325,"{0: 18, 1: 0, 2: 0, 3: 0, 4: 0}",1
177,False,"{'a': 0.9, 'e': 0.005649717514124294}",25,16,18.94826834889873,"{0: 9, 1: 0, 2: 0, 3: 0, 4: 0}",1
178,False,"{'a': 0.9, 'e': 0.0056179775280898875}",30,13,34.76918634684974,"{0: 17, 1: 0, 2: 0, 3: 0, 4: 0}",1
179,False,"{'a': 0.9, 'e': 0.00558659217877095}",20,13,15.962494147997749,"{0: 7, 1: 0, 2: 0, 3: 0, 4: 0}",1
180,False,"{'a': 0.9, 'e': 0.005555555555555556}",30,18,21.974550880352975,"{0: 12, 1: 0, 2: 0, 3: 0, 4: 0}",1
181,False,"{'a': 0.9, 'e': 0.0055248618784530384}",20,3,29.530961239986798,"{0: 17, 1: 0, 2: 0, 3: 0, 4: 0}",1
182,False,"{'a': 0.9, 'e': 0.005494505494505495}",20,8,25.11362907395345,"{0: 12, 1: 0, 2: 0, 3: 0, 4: 0}",1
183,False,"{'a': 0.9, 'e': 0.00546448087431694}",30,24,11.246436400538013,"{0: 6, 1: 0, 2: 0, 3: 0, 4: 0}",1
184,False,"{'a': 0.9, 'e': 0.005434782608695652}",25,14,20.08295456606847,"{0: 11, 1: 0, 2: 0, 3: 0, 4: 0}",1
185,False,"{'a': 0.9, 'e': 0.005405405405405406}",20,0,34.23979610706657,"{0: 20, 1: 0, 2: 0, 3: 0, 4: 0}",0
186,False,"{'a': 0.9, 'e': 0.005376344086021506}",35,21,27.394239722834,"{0: 14, 1: 0, 2: 0, 3: 0, 4: 0}",1
187,False,"{'a': 0.9, 'e': 0.0053475935828877}",25,11,28.346683213705056,"{0: 14, 1: 0, 2: 0, 3: 0, 4: 0}",1
188,False,"{'a': 0.9, 'e': 0.005319148936170213}",20,6,25.293615327763384,"{0: 14, 1: 0, 2: 0, 3: 0, 4: 0}",1
189,False,"{'a': 0.9, 'e': 0.005291005291005291}",30,18,23.99953341751591,"{0: 12, 1: 0, 2: 0, 3: 0, 4: 0}",1
190,False,"{'a': 0.9, 'e': 0.005263157894736842}",20,11,16.930423286386382,"{0: 9, 1: 0, 2: 0, 3: 0, 4: 0}",1
191,False,"{'a': 0.9, 'e': 0.005235602094240838}",25,11,24.50458903605751,"{0: 14, 1: 0, 2: 0, 3: 0, 4: 0}",1
192,False,"{'a': 0.9, 'e': 0.005208333333333333}",25,19,11.375155371334717,"{0: 6, 1: 0, 2: 0, 3: 0, 4: 0}",1
193,False,"{'a': 0.9, 'e': 0.0051813471502590676}",30,13,29.272829618805115,"{0: 17, 1: 0, 2: 0, 3: 0, 4: 0}",1
194,False,"{'a': 0.9, 'e': 0.005154639175257732}",20,10,17.093414456376376,"{0: 10, 1: 0, 2: 0, 3: 0, 4: 0}",1
195,False,"{'a': 0.9, 'e': 0.005128205128205128}",20,10,18.925369142811913,"{0: 10, 1: 0, 2: 0, 3: 0, 4: 0}",1
196,False,"{'a': 0.9, 'e': 0.00510204081632653}",20,9,18.361104614822974,"{0: 11, 1: 0, 2: 0, 3: 0, 4: 0}",1
197,False,"{'a': 0.9, 'e': 0.005076142131979695}",25,11,4.754981345640493,"{0: 13, 1: 0, 2: 0, 3: 1, 4: 0}",1
198,False,"{'a': 0.9, 'e': 0.005050505050505051}",35,20,29.540499289718536,"{0: 15, 1: 0, 2: 0, 3: 0, 4: 0}",1
199,False,"{'a': 0.9, 'e': 0.005025125628140704}",20,3,28.32959134922371,"{0: 17, 1: 0, 2: 0, 3: 0, 4: 0}",1
200,False,"{'a': 0.9, 'e': 0.005}",30,16,27.330269102672617,"{0: 14, 1: 0, 2: 0, 3: 0, 4: 0}",1
201,False,"{'a': 0.9, 'e': 0.004975124378109453}",25,8,31.0600073679459,"{0: 17, 1: 0, 2: 0, 3: 0, 4: 0}",1
1,True,"{'a': 0, 'e': 0}",20,9,22.75729184236764,"{0: 11, 1: 0, 2: 0, 3: 0, 4: 0}",1
2,True,"{'a': 0, 'e': 0}",20,0,31.935541712127325,"{0: 20, 1: 0, 2: 0, 3: 0, 4: 0}",0
3,True,"{'a': 0, 'e': 0}",20,10,19.00195958000744,"{0: 10, 1: 0, 2: 0, 3: 0, 4: 0}",1
4,True,"{'a': 0, 'e': 0}",25,8,30.79825735208106,"{0: 17, 1: 0, 2: 0, 3: 0, 4: 0}",1
5,True,"{'a': 0, 'e': 0}",25,17,15.906601708762874,"{0: 8, 1: 0, 2: 0, 3: 0, 4: 0}",1
6,True,"{'a': 0, 'e': 0}",20,13,12.58695697507099,"{0: 7, 1: 0, 2: 0, 3: 0, 4: 0}",1
7,True,"{'a': 0, 'e': 0}",35,18,31.940918741695555,"{0: 17, 1: 0, 2: 0, 3: 0, 4: 0}",1
8,True,"{'a': 0, 'e': 0}",25,10,25.467338210895125,"{0: 15, 1: 0, 2: 0, 3: 0, 4: 0}",1
9,True,"{'a': 0, 'e': 0}",30,16,30.616381278901198,"{0: 14, 1: 0, 2: 0, 3: 0, 4: 0}",1
10,True,"{'a': 0, 'e': 0}",20,2,34.44176909798444,"{0: 18, 1: 0, 2: 0, 3: 0, 4: 0}",1
11,True,"{'a': 0, 'e': 0}",25,7,26.18772649666802,"{0: 18, 1: 0, 2: 0, 3: 0, 4: 0}",1
12,True,"{'a': 0, 'e': 0}",30,20,16.105535570018017,"{0: 10, 1: 0, 2: 0, 3: 0, 4: 0}",1
13,True,"{'a': 0, 'e': 0}",20,13,15.449846899200141,"{0: 7, 1: 0, 2: 0, 3: 0, 4: 0}",1
14,True,"{'a': 0, 'e': 0}",25,10,24.546617088583698,"{0: 15, 1: 0, 2: 0, 3: 0, 4: 0}",1
15,True,"{'a': 0, 'e': 0}",25,17,14.484685118095891,"{0: 8, 1: 0, 2: 0, 3: 0, 4: 0}",1
16,True,"{'a': 0, 'e': 0}",30,16,24.89193171866943,"{0: 14, 1: 0, 2: 0, 3: 0, 4: 0}",1
17,True,"{'a': 0, 'e': 0}",30,19,21.015207814050406,"{0: 11, 1: 0, 2: 0, 3: 0, 4: 0}",1
18,True,"{'a': 0, 'e': 0}",20,9,21.288237956543533,"{0: 11, 1: 0, 2: 0, 3: 0, 4: 0}",1
19,True,"{'a': 0, 'e': 0}",20,13,13.703439981728794,"{0: 7, 1: 0, 2: 0, 3: 0, 4: 0}",1
20,True,"{'a': 0, 'e': 0}",20,8,20.878789623488586,"{0: 12, 1: 0, 2: 0, 3: 0, 4: 0}",1
21,True,"{'a': 0, 'e': 0}",30,16,29.648658725542006,"{0: 14, 1: 0, 2: 0, 3: 0, 4: 0}",1
22,True,"{'a': 0, 'e': 0}",25,18,13.391744193100537,"{0: 7, 1: 0, 2: 0, 3: 0, 4: 0}",1
23,True,"{'a': 0, 'e': 0}",35,21,25.25539543842835,"{0: 14, 1: 0, 2: 0, 3: 0, 4: 0}",1
24,True,"{'a': 0, 'e': 0}",20,7,23.02983156807348,"{0: 13, 1: 0, 2: 0, 3: 0, 4: 0}",1
25,True,"{'a': 0, 'e': 0}",25,2,35.43251249412858,"{0: 23, 1: 0, 2: 0, 3: 0, 4: 0}",1
26,True,"{'a': 0, 'e': 0}",25,12,26.003182234980727,"{0: 13, 1: 0, 2: 0, 3: 0, 4: 0}",1
27,True,"{'a': 0, 'e': 0}",25,7,32.35949221944121,"{0: 18, 1: 0, 2: 0, 3: 0, 4: 0}",1
28,True,"{'a': 0, 'e': 0}",20,10,20.26768681755035,"{0: 10, 1: 0, 2: 0, 3: 0, 4: 0}",1
29,True,"{'a': 0, 'e': 0}",25,11,25.993421078113027,"{0: 14, 1: 0, 2: 0, 3: 0, 4: 0}",1
30,True,"{'a': 0, 'e': 0}",35,21,29.79992741405234,"{0: 14, 1: 0, 2: 0, 3: 0, 4: 0}",1
31,True,"{'a': 0, 'e': 0}",30,6,41.045493285962486,"{0: 24, 1: 0, 2: 0, 3: 0, 4: 0}",1
32,True,"{'a': 0, 'e': 0}",25,13,26.257447856329915,"{0: 12, 1: 0, 2: 0, 3: 0, 4: 0}",1
33,True,"{'a': 0, 'e': 0}",20,16,8.746969353294796,"{0: 4, 1: 0, 2: 0, 3: 0, 4: 0}",1
34,True,"{'a': 0, 'e': 0}",25,14,22.093036788748638,"{0: 11, 1: 0, 2: 0, 3: 0, 4: 0}",1
35,True,"{'a': 0, 'e': 0}",20,5,24.716382182599133,"{0: 15, 1: 0, 2: 0, 3: 0, 4: 0}",1
36,True,"{'a': 0, 'e': 0}",35,18,32.12966501620033,"{0: 17, 1: 0, 2: 0, 3: 0, 4: 0}",1
37,True,"{'a': 0, 'e': 0}",20,0,29.167489039472834,"{0: 20, 1: 0, 2: 0, 3: 0, 4: 0}",0
38,True,"{'a': 0, 'e': 0}",35,17,36.752567092919904,"{0: 18, 1: 0, 2: 0, 3: 0, 4: 0}",1
39,True,"{'a': 0, 'e': 0}",30,16,31.65261956498142,"{0: 14, 1: 0, 2: 0, 3: 0, 4: 0}",1
40,True,"{'a': 0, 'e': 0}",20,9,21.369941332800927,"{0: 11, 1: 0, 2: 0, 3: 0, 4: 0}",1
41,True,"{'a': 0, 'e': 0}",25,11,23.780769955369486,"{0: 14, 1: 0, 2: 0, 3: 0, 4: 0}",1
42,True,"{'a': 0, 'e': 0}",25,11,25.780655806412312,"{0: 14, 1: 0, 2: 0, 3: 0, 4: 0}",1
43,True,"{'a': 0, 'e': 0}",25,3,35.34691471297828,"{0: 22, 1: 0, 2: 0, 3: 0, 4: 0}",1
44,True,"{'a': 0, 'e': 0}",25,13,22.40257771047132,"{0: 12, 1: 0, 2: 0, 3: 0, 4: 0}",1
45,True,"{'a': 0, 'e': 0}",25,12,23.526395908617527,"{0: 13, 1: 0, 2: 0, 3: 0, 4: 0}",1
46,True,"{'a': 0, 'e': 0}",25,20,8.45389453927837,"{0: 5, 1: 0, 2: 0, 3: 0, 4: 0}",1
47,True,"{'a': 0, 'e': 0}",30,20,17.72287530639631,"{0: 10, 1: 0, 2: 0, 3: 0, 4: 0}",1
48,True,"{'a': 0, 'e': 0}",20,14,12.030361248389378,"{0: 6, 1: 0, 2: 0, 3: 0, 4: 0}",1
49,True,"{'a': 0, 'e': 0}",20,6,26.712969331550664,"{0: 14, 1: 0, 2: 0, 3: 0, 4: 0}",1
50,True,"{'a': 0, 'e': 0}",20,10,21.34854906354805,"{0: 10, 1: 0, 2: 0, 3: 0, 4: 0}",1
51,True,"{'a': 0, 'e': 0}",35,12,45.19142477952292,"{0: 23, 1: 0, 2: 0, 3: 0, 4: 0}",1
52,True,"{'a': 0, 'e': 0}",20,9,21.306130913222926,"{0: 11, 1: 0, 2: 0, 3: 0, 4: 0}",1
53,True,"{'a': 0, 'e': 0}",30,14,32.890114768879855,"{0: 16, 1: 0, 2: 0, 3: 0, 4: 0}",1
54,True,"{'a': 0, 'e': 0}",25,13,20.46614402194237,"{0: 12, 1: 0, 2: 0, 3: 0, 4: 0}",1
55,True,"{'a': 0, 'e': 0}",30,13,33.432960891240796,"{0: 17, 1: 0, 2: 0, 3: 0, 4: 0}",1
56,True,"{'a': 0, 'e': 0}",25,20,8.324856586866716,"{0: 5, 1: 0, 2: 0, 3: 0, 4: 0}",1
57,True,"{'a': 0, 'e': 0}",25,11,27.447019043208176,"{0: 14, 1: 0, 2: 0, 3: 0, 4: 0}",1
58,True,"{'a': 0, 'e': 0}",25,3,36.09688336288542,"{0: 22, 1: 0, 2: 0, 3: 0, 4: 0}",1
59,True,"{'a': 0, 'e': 0}",20,3,26.891416344318934,"{0: 17, 1: 0, 2: 0, 3: 0, 4: 0}",1
60,True,"{'a': 0, 'e': 0}",30,13,29.284865859657792,"{0: 17, 1: 0, 2: 0, 3: 0, 4: 0}",1
61,True,"{'a': 0, 'e': 0}",25,12,28.183986255175302,"{0: 13, 1: 0, 2: 0, 3: 0, 4: 0}",1
62,True,"{'a': 0, 'e': 0}",30,8,35.45134935251952,"{0: 22, 1: 0, 2: 0, 3: 0, 4: 0}",1
63,True,"{'a': 0, 'e': 0}",20,8,22.158460527307618,"{0: 12, 1: 0, 2: 0, 3: 0, 4: 0}",1
64,True,"{'a': 0, 'e': 0}",30,16,29.421805124471536,"{0: 14, 1: 0, 2: 0, 3: 0, 4: 0}",1
65,True,"{'a': 0, 'e': 0}",30,16,27.033193546472113,"{0: 14, 1: 0, 2: 0, 3: 0, 4: 0}",1
66,True,"{'a': 0, 'e': 0}",25,17,13.371976477315737,"{0: 8, 1: 0, 2: 0, 3: 0, 4: 0}",1
67,True,"{'a': 0, 'e': 0}",20,5,24.107841098189116,"{0: 15, 1: 0, 2: 0, 3: 0, 4: 0}",1
68,True,"{'a': 0, 'e': 0}",20,8,20.917096829128916,"{0: 12, 1: 0, 2: 0, 3: 0, 4: 0}",1
69,True,"{'a': 0, 'e': 0}",25,9,33.391821548720195,"{0: 16, 1: 0, 2: 0, 3: 0, 4: 0}",1
70,True,"{'a': 0, 'e': 0}",20,8,20.8400866385294,"{0: 12, 1: 0, 2: 0, 3: 0, 4: 0}",1
71,True,"{'a': 0, 'e': 0}",30,13,27.670265630781245,"{0: 17, 1: 0, 2: 0, 3: 0, 4: 0}",1
72,True,"{'a': 0, 'e': 0}",20,13,13.4150243589823,"{0: 7, 1: 0, 2: 0, 3: 0, 4: 0}",1
73,True,"{'a': 0, 'e': 0}",20,3,28.267296244575352,"{0: 17, 1: 0, 2: 0, 3: 0, 4: 0}",1
74,True,"{'a': 0, 'e': 0}",25,1,47.1575248788305,"{0: 24, 1: 0, 2: 0, 3: 0, 4: 0}",1
75,True,"{'a': 0, 'e': 0}",25,11,23.081320015835793,"{0: 14, 1: 0, 2: 0, 3: 0, 4: 0}",1
76,True,"{'a': 0, 'e': 0}",20,6,27.487507675567866,"{0: 14, 1: 0, 2: 0, 3: 0, 4: 0}",1
77,True,"{'a': 0, 'e': 0}",25,6,33.14546056930819,"{0: 19, 1: 0, 2: 0, 3: 0, 4: 0}",1
78,True,"{'a': 0, 'e': 0}",25,1,39.56597500632256,"{0: 24, 1: 0, 2: 0, 3: 0, 4: 0}",1
79,True,"{'a': 0, 'e': 0}",20,0,31.442895547972572,"{0: 20, 1: 0, 2: 0, 3: 0, 4: 0}",1
80,True,"{'a': 0, 'e': 0}",30,11,29.82748938010686,"{0: 19, 1: 0, 2: 0, 3: 0, 4: 0}",1
81,True,"{'a': 0, 'e': 0}",20,7,23.58442792272834,"{0: 13, 1: 0, 2: 0, 3: 0, 4: 0}",1
82,True,"{'a': 0, 'e': 0}",20,14,11.994738799925628,"{0: 6, 1: 0, 2: 0, 3: 0, 4: 0}",1
83,True,"{'a': 0, 'e': 0}",30,18,27.14316390966946,"{0: 12, 1: 0, 2: 0, 3: 0, 4: 0}",1
84,True,"{'a': 0, 'e': 0}",30,16,23.175831886042914,"{0: 14, 1: 0, 2: 0, 3: 0, 4: 0}",1
85,True,"{'a': 0, 'e': 0}",25,13,23.07773952534532,"{0: 12, 1: 0, 2: 0, 3: 0, 4: 0}",1
86,True,"{'a': 0, 'e': 0}",25,8,31.28684758408078,"{0: 17, 1: 0, 2: 0, 3: 0, 4: 0}",1
87,True,"{'a': 0, 'e': 0}",25,12,28.104765628478475,"{0: 13, 1: 0, 2: 0, 3: 0, 4: 0}",1
88,True,"{'a': 0, 'e': 0}",20,0,32.896026054168864,"{0: 20, 1: 0, 2: 0, 3: 0, 4: 0}",0
89,True,"{'a': 0, 'e': 0}",25,0,43.40310691561041,"{0: 25, 1: 0, 2: 0, 3: 0, 4: 0}",0
90,True,"{'a': 0, 'e': 0}",20,10,17.98173387355773,"{0: 10, 1: 0, 2: 0, 3: 0, 4: 0}",1
91,True,"{'a': 0, 'e': 0}",30,16,29.979775038037758,"{0: 14, 1: 0, 2: 0, 3: 0, 4: 0}",1
92,True,"{'a': 0, 'e': 0}",25,15,21.068579861634035,"{0: 10, 1: 0, 2: 0, 3: 0, 4: 0}",1
93,True,"{'a': 0, 'e': 0}",25,10,28.54490675520759,"{0: 15, 1: 0, 2: 0, 3: 0, 4: 0}",1
94,True,"{'a': 0, 'e': 0}",25,8,33.48271905327114,"{0: 17, 1: 0, 2: 0, 3: 0, 4: 0}",1
95,True,"{'a': 0, 'e': 0}",30,13,27.72011974062337,"{0: 17, 1: 0, 2: 0, 3: 0, 4: 0}",1
96,True,"{'a': 0, 'e': 0}",20,10,17.280528630872062,"{0: 10, 1: 0, 2: 0, 3: 0, 4: 0}",1
97,True,"{'a': 0, 'e': 0}",30,19,16.9649632574043,"{0: 11, 1: 0, 2: 0, 3: 0, 4: 0}",1
98,True,"{'a': 0, 'e': 0}",20,5,25.463248601497323,"{0: 15, 1: 0, 2: 0, 3: 0, 4: 0}",1
99,True,"{'a': 0, 'e': 0}",25,18,14.72487003735676,"{0: 7, 1: 0, 2: 0, 3: 0, 4: 0}",1
100,True,"{'a': 0, 'e': 0}",30,16,28.827692437299554,"{0: 14, 1: 0, 2: 0, 3: 0, 4: 0}",1
